id,material_id,subcategory_id,region_id,condition,rate_paise_per_unit,unit,price_kind,observed_at,source_id,review_status,origin_class,source_kind,is_demo
obs-dl-pcb-01,MAT-PCB-01,PCB_HIGH_GRADE,DELHI_NCR,INTACT,42000,kg,BUY,2026-09-20T10:30:00Z,SRC-04,VERIFIED,EXTERNAL_PUBLIC,PUBLIC_MARKET_QUOTE,False
obs-dl-pcb-02,MAT-PCB-01,PCB_HIGH_GRADE,DELHI_NCR,INTACT,44000,kg,QUOTE,2026-09-22T14:15:00Z,SRC-04,VERIFIED,EXTERNAL_PUBLIC,PUBLIC_MARKET_QUOTE,False
obs-dl-pcb-03,MAT-PCB-01,PCB_HIGH_GRADE,DELHI_NCR,INTACT,40000,kg,BUY,2026-09-25T09:45:00Z,SRC-01,VERIFIED,OFFICIAL,GOVERNMENT_PUBLICATION,False
obs-dl-bat-01,MAT-BAT-01,BAT_LEAD_ACID,DELHI_NCR,INTACT,8200,kg,BUY,2026-09-21T11:00:00Z,SRC-04,VERIFIED,EXTERNAL_PUBLIC,PUBLIC_MARKET_QUOTE,False
obs-dl-bat-02,MAT-BAT-01,BAT_LEAD_ACID,DELHI_NCR,INTACT,8500,kg,QUOTE,2026-09-24T15:30:00Z,SRC-04,VERIFIED,EXTERNAL_PUBLIC,PUBLIC_MARKET_QUOTE,False
obs-dl-bat-03,MAT-BAT-01,BAT_LEAD_ACID,DELHI_NCR,INTACT,8000,kg,BUY,2026-09-26T12:00:00Z,SRC-02,VERIFIED,OFFICIAL,GOVERNMENT_PUBLICATION,False
obs-dl-cab-01,MAT-CAB-01,CAB_COPPER,DELHI_NCR,INSULATED,45000,kg,BUY,2026-09-23T10:00:00Z,SRC-04,VERIFIED,EXTERNAL_PUBLIC,PUBLIC_MARKET_QUOTE,False
obs-dl-cab-02,MAT-CAB-01,CAB_COPPER,DELHI_NCR,INSULATED,47000,kg,QUOTE,2026-09-25T16:00:00Z,SRC-04,VERIFIED,EXTERNAL_PUBLIC,PUBLIC_MARKET_QUOTE,False
obs-mh-pcb-01,MAT-PCB-01,PCB_HIGH_GRADE,MAHARASHTRA,INTACT,43000,kg,BUY,2026-09-21T09:30:00Z,SRC-05,VERIFIED,EXTERNAL_PUBLIC,PUBLIC_MARKET_QUOTE,False
obs-mh-pcb-02,MAT-PCB-01,PCB_HIGH_GRADE,MAHARASHTRA,INTACT,45000,kg,QUOTE,2026-09-24T11:45:00Z,SRC-05,VERIFIED,EXTERNAL_PUBLIC,PUBLIC_MARKET_QUOTE,False
obs-mh-bat-01,MAT-BAT-01,BAT_LEAD_ACID,MAHARASHTRA,INTACT,8300,kg,BUY,2026-09-22T13:00:00Z,SRC-05,VERIFIED,EXTERNAL_PUBLIC,PUBLIC_MARKET_QUOTE,False
obs-demo-pcb-01,MAT-PCB-01,PCB_HIGH_GRADE,DELHI_NCR,INTACT,99000,kg,BUY,2026-09-27T10:00:00Z,SRC-SYNTHETIC-GEN-01,VERIFIED,SYNTHETIC,SYNTHETIC_GENERATOR,True
