id,material_id,subcategory_id,condition,region_id,price_kind,rate_paise_per_unit,unit,currency,observed_at,facility_id,transaction_id,source_id,review_status,origin_class,source_kind,is_demo,schema_version
DEMO-PRICE-001,MAT-PCB-01,PCB_GRADE_A,CLEAN_SORTED,DELHI_NCR,BUY,32000,kg,INR,2026-09-28T08:00:00+00:00,DEMO-FAC-001,,SRC-SYNTHETIC-GEN-01,VERIFIED,SYNTHETIC,SYNTHETIC_GENERATOR,True,v1.0
DEMO-PRICE-002,MAT-PCB-01,PCB_GRADE_A,CLEAN_SORTED,DELHI_NCR,BUY,34000,kg,INR,2026-09-28T09:00:00+00:00,DEMO-FAC-001,,SRC-SYNTHETIC-GEN-01,VERIFIED,SYNTHETIC,SYNTHETIC_GENERATOR,True,v1.0
DEMO-PRICE-003,MAT-PCB-01,PCB_GRADE_A,CLEAN_SORTED,DELHI_NCR,QUOTE,35000,kg,INR,2026-09-28T09:30:00+00:00,DEMO-FAC-001,,SRC-SYNTHETIC-GEN-01,VERIFIED,SYNTHETIC,SYNTHETIC_GENERATOR,True,v1.0
DEMO-PRICE-004,MAT-BAT-01,BAT_LEAD_ACID,INTACT,DELHI_NCR,BUY,8200,kg,INR,2026-09-28T07:00:00+00:00,DEMO-FAC-001,,SRC-SYNTHETIC-GEN-01,VERIFIED,SYNTHETIC,SYNTHETIC_GENERATOR,True,v1.0
DEMO-PRICE-005,MAT-BAT-01,BAT_LEAD_ACID,INTACT,DELHI_NCR,BUY,8500,kg,INR,2026-09-28T08:30:00+00:00,DEMO-FAC-001,,SRC-SYNTHETIC-GEN-01,VERIFIED,SYNTHETIC,SYNTHETIC_GENERATOR,True,v1.0
DEMO-PRICE-006,MAT-BAT-02,BAT_LI_ION,INTACT,DELHI_NCR,BUY,14000,kg,INR,2026-09-28T09:15:00+00:00,DEMO-FAC-001,,SRC-SYNTHETIC-GEN-01,VERIFIED,SYNTHETIC,SYNTHETIC_GENERATOR,True,v1.0
DEMO-PRICE-007,MAT-CAB-01,CAB_COPPER,UNSTRIPPED,DELHI_NCR,BUY,38000,kg,INR,2026-09-28T09:45:00+00:00,DEMO-FAC-001,,SRC-SYNTHETIC-GEN-01,VERIFIED,SYNTHETIC,SYNTHETIC_GENERATOR,True,v1.0
DEMO-PRICE-008,MAT-PCB-01,PCB_GRADE_A,CLEAN_SORTED,MAHARASHTRA,BUY,31000,kg,INR,2026-09-28T08:20:00+00:00,DEMO-FAC-002,,SRC-SYNTHETIC-GEN-01,VERIFIED,SYNTHETIC,SYNTHETIC_GENERATOR,True,v1.0
DEMO-PRICE-009,MAT-PCB-01,PCB_GRADE_A,CLEAN_SORTED,MAHARASHTRA,BUY,33500,kg,INR,2026-09-28T09:20:00+00:00,DEMO-FAC-002,,SRC-SYNTHETIC-GEN-01,VERIFIED,SYNTHETIC,SYNTHETIC_GENERATOR,True,v1.0
DEMO-PRICE-010,MAT-CAB-01,CAB_COPPER,UNSTRIPPED,MAHARASHTRA,BUY,37500,kg,INR,2026-09-28T09:40:00+00:00,DEMO-FAC-002,,SRC-SYNTHETIC-GEN-01,VERIFIED,SYNTHETIC,SYNTHETIC_GENERATOR,True,v1.0
